Unnamed: 0,text,llama3.1:8b-instruct-q8_0,deepseek-r1:14b,gpt-4o-mini,o3-mini
0,12234,"Hey thanks, I appreciate it!",joy,joy,joy,joy
1,24303,I'm actually amazed we walked away with 2 points. That 2nd was one of the worst periods I've watched. [NAME] stole that period.,surprise,surprise,surprise,surprise
2,34179,"Still, itâ€™s legal weed. Sorry, sad [NAME] here..",sadness,sadness,sadness,sadness
3,33745,"I love the guy who is like ""the analogy is daft. Cheese would sink"", like that isn't the point.",joy,joy,joy,joy
4,37891,maybe they need Congress to pass a bill to make the music softer than the dialogue,anger,neutral,anger,anger
5,7493,"I haven't ever considered my dense moments could be hormonal! That sounds like something I'd do, haha.",joy,joy,joy,joy
6,34075,She got me into it so not wrong lol,joy,joy,joy,joy
7,36320,You can't be serious.,surprise,surprise,surprise,surprise
8,1617,ğŸ¤£ wow... I read it all in a serious tone until the end! ğŸ¤£,joy,joy,joy,joy
9,30866,"And the secret weapon, in case of emergencies: TRIPPLE THE OFFENSE!",joy,surprise,anger,joy
10,23433,it's basically summer here right now. these posts are clueless.,anger,anger,anger,anger
11,47794,Thoroughly entertaining.,joy,joy,joy,joy
12,29652,I'd be a lot more excited to see [NAME] flash the leather at 3b.,joy,joy,joy,joy
13,5566,Itâ€™s ironically calling British people ugly as a meme i guess,disgust,surprise,neutral,neutral
14,119,I KILL YOU SCUM,anger,anger,anger,anger
15,45568,"I got over 900 responses, so it is taking more time that I expected, hopefully will be done by this Sunday.",neutral,neutral,neutral,neutral
16,23848,The future is now old man,surprise,anger,anger,anger
17,34214,"Thank you, I love Heart and Zeppelin and haven't seen that till now.",joy,joy,joy,joy
18,45263,Everything in here I want but all we can do is pray to [NAME] for our wishes to come true,sadness,joy,sadness,joy
19,27720,This South Florida girl loves Jaxons Ice Cream. Seeing the kitchen sink makes me want to drive home.,joy,joy,joy,disgust
20,9200,That's my favorite! It smells so good without being overpowering.,joy,joy,joy,joy
21,8172,"Exactly right about throwing $23M at Donaldson. I mean, are we going for it this year or not? Mixed signals...",anger,neutral,anger,anger
22,48562,Thanks so much! I'll let you know how it goes when I get a chance to try it :),joy,joy,joy,joy
23,35079,"Yeah I regret ever moving to Leduc. It's one of the most backwoods, proud-to-be-ignorant communities I've ever seen.",disgust,sadness,anger,disgust
24,45773,Iâ€™m so glad I watched this entire thing. Thatâ€™s incredible.,joy,joy,joy,joy
25,46060,#On a rainy day I dont accept any doordash requests unless there is a minimum of $5 bonus,neutral,neutral,neutral,neutral
26,29753,"That's capitalism for you, don't worry though. There's another recession on the way.",neutral,anger,neutral,neutral
27,34670,[NAME] damn it [NAME]!,anger,anger,anger,anger
28,1981,There will *always* someone gaming the system. Always. I still donate food for the other 999 people that really need assistance to get over a tough time.,sadness,anger,anger,anger
29,2806,"Makes me glad I'm almost 50, and all this is stuff I will never ever experience, and frankly can hardly fathom.",sadness,joy,joy,joy
30,46048,So thankful for the conclusion. Having no idea how this played out was definitely going to haunt me,joy,joy,joy,joy
31,44453,It was magic.,joy,joy,joy,joy
32,3092,Or if he *is* you on another account... Your online self-flagellation isn't doing anyone any good.,anger,disgust,anger,anger
33,31625,Pretty poor shots mostly. Couple of great saves from [NAME] though.,sadness,neutral,neutral,neutral
34,21563,So cute and there would be nothing with talking to her about it after and both being on the same page,joy,joy,joy,joy
35,39094,in what universe? lol the mr. blue sky cover is one of the best on the album imo.,joy,surprise,joy,joy
36,22924,The remix is funny man.,joy,joy,joy,joy
37,16202,Please go to urgent care and get some antibiotics if you have not already. UTIs can become serious if they go untreated.,sadness,neutral,neutral,neutral
38,3655,Love hearing stories like this. [NAME] holy Priests are such a gift. We must always give thanks and pray for them.,joy,joy,joy,joy
39,5682,Quit serving money and [NAME] will feed you.,anger,neutral,anger,anger
40,146,"You got it, thanks!",neutral,joy,joy,joy
41,20415,>People can literally have conversations with each other just using google. My nipples explode with delight!,joy,joy,joy,joy
42,11013,"Doesnâ€™t sound like itâ€™s going to work out, sorry dude",sadness,sadness,sadness,sadness
43,19806,Nothings better then 2 teams that know exactly wut happend/parents that saw the game two coaches and a ref no good lawyer needed rlly just those people to talk,anger,joy,joy,joy
44,33349,Also you forget to say how it triggers an Id check which only a assistant can circumvent,anger,neutral,neutral,neutral
45,2173,Itâ€™s pretty cringe,disgust,disgust,disgust,disgust
46,23938,Can you expand a bit? That would be interesting for us that are not in the know.,joy,neutral,neutral,neutral
47,16388,Feels like bathing in warm piss. Can't wait until summer is over.,disgust,disgust,disgust,disgust
48,13732,Always worth a try. Good luck!,joy,joy,joy,joy
49,5510,really odd choose with pairing slack and sunfan together. These 2 should always be paired with a high IQ caster,anger,surprise,anger,anger
50,30586,"Anything other than harassing motorists or worse, pretty simple.",anger,neutral,anger,neutral
51,858,Haha yeah. But still very nice of Ben I hope that the people who got it will use it 24/7,joy,joy,joy,joy
52,10139,Then I find writing of us only eating it during winter strange.,surprise,surprise,surprise,surprise
53,32710,lol what? The worst defense in the league? [NAME] its like we're trying to tank.,anger,anger,anger,anger
54,13770,"To distinguish it from regular, every day, healthy, non-harmful, non-toxic masculinity of course.",anger,joy,disgust,neutral
55,25860,Posts like these make it more and more clear how creepy [NAME] is,disgust,disgust,disgust,disgust
56,41416,"What a horrible way to find out, though. My sympathies to the dead man.",sadness,sadness,sadness,sadness
57,46816,It's not *literally* the same investigation.,surprise,neutral,anger,neutral
58,29440,"I am sure that whatever happens in the end, [NAME] will fuck it up.",anger,anger,anger,anger
59,29469,"I do not see how that is disgusting. She's cleaning her self and had a discharge, so what? ",disgust,neutral,anger,neutral
60,5321,"I, personally, am excited to have another agent to make the lab numbers look pretty while the patient dies. ",sadness,joy,disgust,joy
61,29300,Youâ€™re mean,sadness,anger,anger,anger
62,1281,Let them argue. We've never done anything remotely as bad as MOST OF THE WORLD does routinely.,anger,neutral,anger,anger
63,3998,"A one-line whip is still whipping against, although it is a pretty disappointing decision.",sadness,sadness,sadness,sadness
64,8230,Good loss for the tank. [NAME] and [NAME] played really well.,joy,joy,neutral,joy
65,15575,How she used the entire video without any editing.... thatâ€™s copyright,disgust,anger,anger,neutral
66,10600,Thank you! That's the explanation I was looking for.,joy,joy,joy,joy
67,15431,"Same here. And I really dislike strangers and groups, so groups of strangers are a next-level nightmare. ",fear,fear,fear,disgust
68,38886,"Because, â€œnah you guys go aheadâ€",neutral,neutral,neutral,neutral
69,34136,Coincidence vs correlation vs causation,neutral,neutral,neutral,neutral
70,31470,I dislike [NAME] more and more. Big ego and small feet.,anger,anger,anger,anger
71,19633,My [NAME]. If only,sadness,sadness,sadness,sadness
72,3265,Hereâ€™s hoping this ends soon lol,sadness,joy,neutral,neutral
73,28374,Feeling the hatred towards that person I get. Actually running them off the road and holding them at gunpoint? No way. No way to justify that.,anger,anger,anger,anger
74,36877,I'm excited as a Lions fan.,joy,joy,joy,joy
75,18351,If you use one of those two I automatically hate you,anger,anger,anger,anger
76,10414,"No seriously, why do you have the Daily Mail app on your phone?",disgust,disgust,disgust,anger
77,43247,Whoever told you that is lying.,anger,anger,anger,anger
78,34450,"Where exactly is the irony? His name is not [NAME], and the title, bio, and picture contain no related jokes. ",surprise,neutral,neutral,neutral
79,28948,This is currently my situation with Metal Gear Solid,neutral,neutral,neutral,neutral
80,3608,"Go ahead and take them panties off too, we need this OT goal.",joy,joy,joy,joy
81,1644,"No, I definitely understand that feel and empathize. That can be hard to deal with. How have you been as of late?",sadness,sadness,joy,sadness
82,34428,Thanks! There are so many resources available. Thank you for telling me about one that actually helped you,joy,joy,joy,joy
83,45314,Haha thanks for the warning but we met with her irl before :D,joy,joy,joy,joy
84,48156,That is one big pile of cringe.,disgust,disgust,disgust,disgust
85,14257,"I didn't delete it. Your moderators did. But that's what [NAME] do, they ",anger,anger,anger,anger
86,8070,I'm not really interested in collecting them but I do enjoy watching videos of people who restore old hotwheels.,joy,joy,neutral,joy
87,14252,but time is meaningless,neutral,neutral,neutral,neutral
88,14466,"Wow, you weren't instantly downvoted hundreds of times. The omniscum must have had a salad once and got a protein deficancy.",anger,surprise,anger,anger
89,13423,You werenâ€™t supposed to know. Youâ€™re not psychic. Heâ€™s being unreasonable,anger,anger,anger,anger
90,16700,I canâ€™t believe Iâ€™m agreeing with [NAME].,surprise,surprise,surprise,surprise
91,27111,Now that you live alone you don't have money left to buy a dishwasher,anger,neutral,sadness,anger
92,15946,Iâ€™m super proud of him. Great guy!,joy,joy,joy,joy
93,34600,This is pretty bad advice. Do not use dreams own encryption. And do not use things such as igolder,disgust,anger,anger,anger
94,38811,"Mail Call, great show, have all of 'em preserved for history. RIP",sadness,joy,sadness,sadness
95,37822,Would be fun if our sun was like this :3,joy,joy,joy,joy
96,35632,I totally agree with you. Porn is unnatural and creates honorless cuckolds.,anger,disgust,anger,anger
97,31592,"Oh wow okay, where can I get a wind proof lining beaning or scarf? And do I have to cover my eyes or anything?",surprise,surprise,surprise,anger
98,5593,Damn he has a kid with evan rachel wood too. He gets all the honies.,joy,anger,surprise,surprise
99,27519,"I am only sharing what my friends said, what their experience was. I found that a bit surprising.",surprise,surprise,surprise,surprise
100,27728,Youâ€™ve never shit yourself as an adult?? If an adult can then a kid definitely can,anger,surprise,surprise,anger
101,37463,The best part of adult snow days is no make-up!,joy,joy,joy,joy
102,24343,don't we all hate them?,anger,anger,anger,anger
103,20896,"Thanks? Lol. Pairing [NAME] or [NAME] with [NAME], defensively, though? Yikes, to say the least.",disgust,surprise,disgust,disgust
104,40672,No doubt would start at wing. We need help there and it would help ease him in,joy,neutral,neutral,neutral
105,6397,The comment thread is a hot mess and wouldnt be out of place in 2016. How do things not change....,sadness,anger,anger,anger
106,7928,"I would like a link as well, please. :)",joy,joy,joy,joy
107,1946,hit or miss would anybody care or miss huh..? aint nobody love me and ma dad also left me yuh...,sadness,sadness,sadness,sadness
108,20263,"Recover well. (Argh, my english is too terrible ğŸ‡²ğŸ‡«)",sadness,anger,sadness,neutral
109,35653,"GOW always had combat challenges, they just inegrated it more seemlessly this time, instead of having it in a seperate mode in the menu.",joy,joy,neutral,neutral
110,13149,That's great! You got this!,joy,joy,joy,joy
111,37378,Ohh it gets even more interesting:,surprise,joy,joy,surprise
112,13695,What goes up must come down.,neutral,neutral,neutral,neutral
113,22443,Who the fuck leaves a hot iron on the couch,disgust,anger,anger,anger
114,1318,Has anyone else realized that there are 16 [NAME] on this glorious movie poster?,joy,joy,joy,joy
115,36986,I feel like they missed a good opportunity to make the track in the shape of Texas.,neutral,sadness,sadness,sadness
116,2878,AE think that's looking harder and harder to defend?,sadness,anger,anger,anger
117,32755,Done it since I was a kid I was very edgy,joy,joy,neutral,neutral
118,16879,"Oh, a crow... Doh!",surprise,surprise,surprise,surprise
119,22048,Ugh I am in this same place right now. Dating a husband whose wife calls all the shots. I feel for you.,sadness,sadness,anger,sadness
120,29863,Big thanks dude! This will really help me out,joy,joy,joy,joy
121,40863,DAE hate unnecessarily salty people like OP?,anger,anger,anger,anger
122,9066,"Heads up guys before you scrutinize me, Yes I know it's ED not ER apologies in advance :)",sadness,neutral,neutral,neutral
123,29289,The only thing I find disconcerting about this is that you use tongs to stir the pan.,disgust,fear,surprise,surprise
124,38135,Omg saucepan what a daring and unconventional look!!!11,joy,joy,joy,joy
125,28519,LOL at this question! If he follows the sub...just read the topics for opinions! I call BS!,anger,joy,anger,anger
126,23010,"And people try to hold that against [NAME] when they should hold that against the Packers organization and Front Office...Their Front Office stopped trying, not [NAME].",anger,anger,anger,anger
127,26139,"Don't worry, nobody expects much from you people anyways.",anger,anger,anger,anger
128,40500,I'm just really sad all that cake was wasted.,sadness,sadness,sadness,sadness
129,45231,The myth is about selling shirts. Signing [NAME] opens up much more money making opportunities like commercials.,neutral,neutral,neutral,neutral
130,1150,Australian here. I hereby agree that this does in fact provoke nightmares.,fear,fear,fear,fear
131,1398,I wouldn't be surprised if the Cheetos dust was coming out of his sweat.,disgust,disgust,surprise,joy
132,32601,"Good job! Next, I recommend going NO contact.",anger,joy,joy,joy
133,3580,[NAME] also tends to out vote [NAME] in polls in my experience,neutral,neutral,neutral,neutral
134,30022,AND KEEP ACKBAR,joy,neutral,anger,joy
135,13411,Man I wish they wouldnâ€™t,sadness,sadness,sadness,anger
136,14731,"I mean, [NAME] really is downplaying the guysâ€™ friendship. Thatâ€™s suspect to me.",anger,anger,anger,anger
137,11636,Love the cheese!,joy,joy,joy,joy
138,18172,Damn we needed that layup,joy,joy,joy,joy
139,10823,Mr. [NAME]! Nooooo!,sadness,surprise,sadness,sadness
140,27360,Weird but interesting nonetheless.,surprise,surprise,surprise,surprise
141,42240,"Lmao, this guy is a tool.",anger,joy,anger,joy
142,17334,"Sicko mode is on a whole new level, it cant be compared.",joy,surprise,joy,joy
143,20970,Such a cool pic! Really wish the moon was in the dead middle though ğŸ™ƒğŸ™ƒ,joy,joy,joy,joy
144,16072,If it weren't already so delayed,sadness,anger,anger,anger
145,38060,"Im not in a hurry, its my goal for brawlhalla. But after hearing how many hours people have, its gonna be a long journey",sadness,neutral,neutral,neutral
146,26325,"If he saw it as something regrettable and possibly embarrassing, and has grown, eh. We all have something embarrassing in our past.",joy,neutral,neutral,neutral
147,20876,"Liberal circlejerk â€œ o ya those conservatives suckâ€ 10,000 upvotes",anger,anger,anger,anger
148,25889,Them or me? I like to catch up on it in the afternoon and drinking helped with the last few.,neutral,sadness,neutral,neutral
149,35770,I stopped watching after I had to suffer through a whole episode without [NAME] removing his shirt,disgust,anger,anger,anger
150,45207,ift yourself up on your feet! Let's get it on!,joy,joy,joy,joy
151,441,I've been there. It's one of the most diverse places on Earth.,joy,joy,neutral,neutral
152,7355,I don't think that's how shadowy military organizations work [NAME].,neutral,neutral,neutral,neutral
153,16913,"*""Wow""*",surprise,surprise,surprise,surprise
154,15367,Why are they asking women and nonwhites specifically?,anger,anger,surprise,anger
155,40478,This thread was actually inspired by one of your comments,joy,joy,neutral,neutral
156,3013,Oh. Well then.,neutral,neutral,surprise,neutral
157,20431,Looks like modern art tbh but its good,neutral,joy,joy,joy
158,29591,My 2 year old loves Word Party. Story Bots is another good Netflix option.,joy,neutral,joy,joy
159,31877,"[NAME] fan here, He did trade [NAME], it was for a 2018 4th and 2019 7th.",neutral,neutral,neutral,neutral
160,21052,He really do be like that.,neutral,neutral,neutral,neutral
161,32893,Lol always a creepy mike,disgust,joy,disgust,disgust
162,6543,â€œStart caring about Reddit downvotesâ€ has to be the weirdest life advice Iâ€™ve received in years.,surprise,surprise,surprise,surprise
163,15959,Omg lmfao!!,joy,joy,joy,joy
164,47623,"Especially given today's hyperawareness of sexual harassment, it seems like the smart thing to do, to me.",neutral,neutral,neutral,neutral
165,21825,the act of using private companies as platforms to push indoctrination is no less vile than state run companies,disgust,disgust,disgust,disgust
166,24003,It would be a crime to not invite him.,joy,anger,joy,joy
167,22345,"LOL yes, this guy might not be too bright. ",joy,joy,joy,joy
168,5267,Hahaha I was gonna put one of those but I couldnâ€™t remember what they were,joy,joy,joy,joy
169,2921,I tried at a joke that relates to the post...,neutral,neutral,neutral,neutral
170,34478,"Thanks, it was no effort at all.",neutral,joy,neutral,neutral
171,5103,"I used to be subscribed to [NAME] channel. I know we all have troubled pasts, but man...",sadness,sadness,sadness,sadness
172,46991,No!!! I love emojis ğŸ˜ğŸ˜ğŸ˜ğŸ˜ğŸ˜ğŸ˜ğŸ’–ğŸ‰,joy,joy,joy,joy
173,6590,Yeah my guess at this point is either a 2 year bridge or 8x8.,neutral,neutral,neutral,neutral
174,47735,I like where youâ€™re going with this....,joy,joy,joy,joy
175,47381,Ugh. What a way to go.,sadness,anger,disgust,disgust
176,28578,"YES [NAME], we're rooting for you! ğŸ‰ğŸ‰",joy,joy,joy,joy
177,34071,"This picture is a prime example that [NAME] are intolerant douchebags who will always demonize wealth, fame, and entertainment.",anger,anger,anger,anger
178,12713,The hardship of having the future meet the present. (or something),neutral,sadness,sadness,sadness
179,5771,Omg itâ€™s like youâ€™re taking the words from my mind.,joy,surprise,joy,surprise
180,1116,i still remember by my first dodger game in 2001,joy,joy,joy,neutral
181,27213,Expect the unexpected [NAME] funding secured.,joy,surprise,surprise,surprise
182,41336,I rarely like or comment on YouTube. But I make hella playlists so I guess I use it more as a tool than a community.,neutral,neutral,neutral,neutral
183,10800,"35k? That's just crazy. Mine was less than 2k, and that includes the wedding dress.",surprise,surprise,surprise,surprise
184,42518,True. Icing all three of your villains for the duration of the film is a bad idea. They need to be making moves.,anger,anger,neutral,neutral
185,9242,OH YEAH ITS FINE,anger,anger,joy,anger
186,15127,Just sitting in the fast lane fishing for tickets. Ugh.,disgust,anger,disgust,disgust
187,29725,Your work is amazing! Really like the Rugrat one. The melting style is so cool. Prices are very reasonable for the quality too,joy,joy,joy,joy
188,35231,Aw poor kid. At least he has a bomb-ass name. Too bad he probably doesn't remember it anymore.,sadness,sadness,sadness,sadness
189,7064,Is it her turn this time?,surprise,neutral,neutral,neutral
190,42867,I find that relatable: I too am terrified of myself.,fear,fear,fear,fear
191,6824,"Like the [NAME] twins, I guess.",neutral,neutral,neutral,neutral
192,26837,"Oh [NAME], even if I had a bf I would be ashamed to have him do that for ",sadness,sadness,disgust,anger
193,5023,He already sucks. Letâ€™s just nerf him some more.,anger,anger,anger,anger
194,23628,Thatâ€™s not true. She represents those who voted her into power.,anger,neutral,anger,neutral
195,11330,350 calories The large is 20 oz and itâ€™s 140 per 8 oz so 350,neutral,neutral,neutral,neutral
196,24910,I just got got and I like it,joy,joy,joy,joy
197,41388,That woman is on the fast track to being ostracized from that group real quick.,anger,disgust,anger,anger
198,11888,You mean the millions of college grads living with their parents?,anger,neutral,anger,neutral
199,4783,Ooh I might try that,joy,joy,joy,joy
200,10188,"Iâ€™ve been on team [NAME] since he won the axe toss competition after the draft, lol",joy,joy,joy,joy
201,1630,Playing pig so you can tbag survivors.,anger,anger,anger,anger
202,19847,"Run, run Run for the roses Quicker it opens Sooner it closes Man oh man oh friend of mine All good things in all good time",neutral,joy,joy,joy
203,2810,Donâ€™t say his name!!,fear,fear,anger,anger
204,11512,"12 years, that's it? Psh I've been dating my gf for 20 and engaged for 10 years",anger,joy,anger,anger
205,24330,[NAME] is poor now so it's open season,anger,anger,anger,anger
206,44981,"I remember when two captured ISIS members were discovered to have ordered a book called ""[RELIGION] for dummies"" from Amazon.",neutral,surprise,surprise,neutral
207,44461,You've violated rule 4. Please adhere to the rules of engagement.,anger,neutral,neutral,neutral
208,45696,> Corporate Media I like this one.,joy,joy,joy,joy
209,33857,Was Netflix ever $7.99 for HD streaming?,neutral,neutral,neutral,neutral
210,25769,"Depay being a flop at United comes to mind, so good now.",joy,joy,joy,joy
211,45506,"Well, quite. Now Iâ€™m all annoyed.",anger,anger,anger,anger
212,43162,They must have seen you.,fear,neutral,neutral,neutral
213,39833,Sign my name to it too lol it was so awful we deserve pain and suffering for that!,anger,anger,anger,sadness
214,27375,"RemindMe! April 26, 2019",neutral,neutral,neutral,neutral
215,41626,"Hello, Could you try exiting the game and restarting? Please let us know if you're still getting the pop-up afterward. Thanks!",neutral,neutral,neutral,neutral
216,1753,That's the spirit ğŸ¤£ for me it's more about strangers wanting to hug me. But you do you ğŸ˜,joy,joy,joy,joy
217,26283,The absolute subhuman filth that worships [NAME] will believe that this isn't even a photoshop,anger,anger,anger,anger
218,25367,Prayers for Dipo you guys. Just had a gruesome injury,sadness,sadness,sadness,sadness
219,30972,"I was impressed by your company in the initial post, but now I see they tried to fire you for their mistake. Glad you had some backing!",joy,joy,joy,joy
220,37771,This is the same federal government that's been shut down for the last month?,anger,surprise,anger,anger
221,15698,"More insults, [NAME] said my bit now all you have is a show that proves what I said to be the truth, nothing more nothing less.",anger,anger,anger,anger
222,7846,"So sounds like she was raped, and she seriously needs to press charges, this bartender needs to be raped in prison big time.",anger,anger,anger,anger
223,20131,Oh fuck off. Soooo...... when is [NAME] and the gang going to un mask [NAME] as President [NAME]?,anger,anger,anger,anger
224,39328,I just see two inflated peacocks with a dumb and disgusting look in their face. But unfortunately I am not the gender evaluating them.,disgust,disgust,disgust,disgust
225,25799,I know from personal experience that that can be the end of any good relationship.,sadness,sadness,sadness,sadness
226,27580,"Haha, no I mean the kind of disposable powerups in a mobile game. Not console/PC games.",joy,joy,joy,joy
227,1133,Took me a few time watching it to realize that was a man and not a child.,surprise,surprise,surprise,surprise
228,32840,"Right? That's news to me. I'll be excited when that happens, I wonder how that works.",surprise,joy,joy,joy
229,45455,Fucking parking in the middle of the street through the entire strip of Allegheny,anger,anger,anger,anger
230,6989,I donâ€™t get it. Does r/sardonicast actually believe that BP is highly overrated?,surprise,surprise,surprise,surprise
231,23908,Can someone put it in slow mo,surprise,joy,neutral,neutral
232,5571,"So..the head [NAME], is afraid of being rammed?",surprise,fear,fear,surprise
233,4013,Really? I only remember the one in the movie (which did kinda weird me out),surprise,surprise,surprise,fear
234,1752,Maybe she was having a bad day. But then again at least say hi.,sadness,anger,sadness,anger
235,48084,"I appreciate the dedication, but they really didn't have to be silent for three quarters of the game.",sadness,anger,anger,anger
236,44500,"I like this, but it doesnâ€™t quite convey the horrifying rotting smell. It sounds sort of cute! She was not lol ",disgust,disgust,disgust,joy
237,34108,Itâ€™s a shame there is no sound lol,sadness,sadness,sadness,sadness
238,9340,That was glorious.,joy,joy,joy,joy
239,27482,I like it I just wish heâ€™d drop the m and apostrophe,sadness,joy,neutral,joy
240,44314,Impact? I'm merely interested in how low you will sink.,anger,anger,anger,anger
241,38895,"It makes sense, just don't expect much thanks from the rest of them.",sadness,neutral,sadness,neutral
242,36078,He always missed that key 3rd down catch to keep the drive alive,neutral,anger,anger,anger
243,48079,"Beans, yo! I used to hate them but now I sometimes just eat a can of beans for a meal. They are hella filling too.",joy,joy,joy,joy
244,43072,Apparently we are tragedies!,sadness,surprise,sadness,sadness
245,14738,Is she worse than [NAME] though?,anger,neutral,neutral,anger
246,30744,What a great response!!,joy,joy,joy,joy
247,5778,"i see it in a different way, but i understand why you see it like that",neutral,neutral,neutral,neutral
248,13583,[NAME] YES!!!,joy,joy,joy,joy
249,7175,Omg Iâ€™d happily live in Cape Town instead of the US!! Itâ€™s literally one of my favorite cities on earth!!,joy,joy,joy,joy
250,17061,> and no one but angry community fanboys have pushed back against his statements.,anger,anger,anger,anger
251,21748,"Hang on, I'll see if I can find them and then I'll get back to you. :-)",neutral,joy,neutral,joy
252,12211,A is just horrifying. If she were to die Iâ€™d want her to go painlessly,sadness,fear,disgust,disgust
253,9488,Donâ€™t forget sports gambling. THEN weâ€™ll be happy.,surprise,joy,anger,anger
254,26434,I should have at your list that I only hope he gets elected!,joy,joy,neutral,joy
255,3798,I rly like trench coats Not not in that combination tho,surprise,neutral,disgust,joy
256,13627,i met the only girl on the planet who can deal with my headass and still look at me and tell me she loves my anyway,joy,joy,joy,joy
257,16400,I wish AOC was old enough to run for president,joy,joy,joy,anger
258,19088,This video is so very Polish.,joy,neutral,neutral,neutral
259,40796,Some aren't. Either way it's a mystery how they obrained so many M1s.,surprise,surprise,neutral,surprise
260,46684,"Can't wait till the home game in March... And a portland okc playoff series would be ""lit af"" ",joy,joy,joy,joy
261,29420,But what if he feels like his position is appealing to those the [NAME] have left behind?,neutral,neutral,neutral,neutral
262,28816,The University of Essex was a mistake. They're not even good at sports.,anger,anger,anger,anger
263,40075,Trade up for Haskins. If that doesn't happen give me Greedy.,neutral,neutral,neutral,neutral
264,26247,"And then another guy comments to congratulate him on getting a comment from her, wishing he could one day get the same. Maaan o man. ",anger,surprise,surprise,joy
265,3157,"I almost downvoted you, because â€œBoooooooo!â€",joy,anger,anger,anger
266,44641,Buy YouTube Likes,neutral,neutral,disgust,neutral
267,6293,a partner of mine made it -- it's just about my favorite meme ever,joy,joy,joy,joy
268,16820,Lol ik it's just I wanted people to figure it out and not the bot to ruin it.,joy,joy,neutral,joy
269,26889,"Great game, great soundtrack. He was like 19 or 20 when he did that too.",joy,joy,joy,joy
270,39160,Ghost them. Itâ€™ll drive them crazy and give you the satisfaction,anger,joy,joy,anger
271,29730,Didn't he steal something ludicrous like a diamond ring? Like is he a cartoon bad guy?,surprise,surprise,surprise,surprise
272,40509,What a beautiful memory for you to have found. So sorry for your loss â¤ï¸,sadness,sadness,sadness,sadness
273,8854,"Only the fools would call Saigon the Pear of the Orient, haha. Stop sleeping on the past too much. And stop betraying your country",anger,anger,anger,anger
274,10856,In my few years playing I never knew this ... I feel so lost now,sadness,surprise,surprise,sadness
275,48199,I wish they had what they advertised. The end of that era was sometime in my teens.,sadness,sadness,sadness,sadness
276,1454,â€œItâ€™s not happening right in front of me if I donâ€™t look at it.â€,surprise,neutral,neutral,neutral
277,4136,"Maybe you should try watching it before commenting on it, otherwise your just posting from a position of ignorance. ",anger,anger,anger,anger
278,28786,for sure not natty,neutral,neutral,anger,neutral
279,18694,Please cut her off from your life. You donâ€™t need to deal with this behaviour. Be safe and please take care.,sadness,fear,fear,fear
280,25684,Classic [NAME] right there ğŸ¤£,joy,joy,joy,joy
281,27971,"they sounds like autistic meltdowns triggered by an immense fear of vomiting, nothing much to do",disgust,neutral,fear,disgust
282,3253,"Haven't listened to today's podcast yet, who did [NAME] kill?",surprise,surprise,neutral,neutral
283,12475,"No that's plenty, you've already proved the original comments point even further.",neutral,neutral,anger,neutral
284,9324,I'm fully erect tho and I still don't like them,neutral,disgust,anger,anger
285,46936,"Counterpoint, ACAB.",anger,anger,anger,anger
286,10190,Iâ€™m tired from working hard and I want someone to snuggle me to sleep,sadness,sadness,sadness,sadness
287,11965,Misogynist! Anti-women! Bigot!,anger,anger,anger,anger
288,46391,The one who accidently paid 1 cent less couldn't have just given the other dumb bitch a penny? smdh,anger,anger,anger,anger
289,28630,Would be better if not for the stupid gas mask. Should have had it's own comissar cap instead!,anger,anger,anger,anger
290,24990,I was going for r/truthtoirony,neutral,neutral,neutral,neutral
291,31313,But the right to not have your property taken away from you is a right.,neutral,neutral,anger,neutral
292,33165,"Constitution don't work that way. Burden is always on the Crown, defendant is always presumed innocent. This won't survive the first challenge.",anger,neutral,anger,neutral
293,48024,"That's a good idea, I'm going to have to make some room! Thank you. ",joy,joy,joy,joy
294,26105,/u/skyboundIan no spoilers in the trailer pretty please :D,joy,joy,joy,joy
295,13020,To be fair he probably is saying that.,neutral,neutral,neutral,neutral
296,37069,I hope youâ€™re okay. Iâ€™m here to talk if you need someone,sadness,joy,joy,joy
297,38732,Bitch ass n*** [NAME] rooting for [NAME],anger,anger,anger,anger
298,10163,For those behind stupid WaPo,anger,anger,anger,anger
299,17563,"Damn, I didnâ€™t see any monkeys when I was there! What a ripoff.",anger,anger,sadness,anger
300,48865,::but I like baby bangs:: /tiny voice,joy,joy,neutral,joy
301,38150,"Not really. Also itâ€™s Winnipeg, sorry we donâ€™t have the population of Tokyo...",anger,neutral,anger,neutral
302,1900,"Yay, now we're only down by 7",joy,joy,joy,joy
303,39452,"Wow, 5 downvotes in 3 minutes. Go you!",joy,surprise,surprise,surprise
304,25204,100% yes. My sister's ex is an actual monster but my niece still sees his family.,sadness,anger,anger,anger
305,40107,I'M HERE,anger,neutral,neutral,neutral
306,37932,"Yeah itâ€™s a repost, I saw this same exact post in a different subreddit couple months ago",surprise,neutral,neutral,neutral
307,8127,"Huh. Similar things happen to me. Just my big brother believe that I got the wrong diagnoses and Dad think I am ""cured"".",sadness,anger,sadness,neutral
308,16236,"Cheers man, will be taking it easy for sure. ",joy,joy,joy,joy
309,1727,sorry should clarify ... have dinner / drinks and then go our separate ways to other events that night.,neutral,neutral,neutral,neutral
310,42790,"Yep California, I would've been surprised if they cleared him.",surprise,surprise,surprise,surprise
311,27483,This dvd must be pretty hard to come by if itâ€™s going for $49... thank you though I appreciate it.,joy,joy,neutral,joy
312,41632,"Reminds me of ""It's your city!"" back in The Flash 2X08.",neutral,joy,neutral,neutral
313,6658,"I'm more than sure we [NAME] lovers feel the same way, her outfits are awful",disgust,disgust,anger,disgust
314,14535,Yeah for me it takes me weeks to get over s relapse,sadness,sadness,sadness,sadness
315,22613,Don't get your hopes up; apparently car seats also cause autism:,sadness,disgust,anger,anger
316,6897,The glorious people's republic of Ulster formed from the ashes of carson's arse hairs,anger,anger,disgust,joy
317,34992,So good.,joy,joy,joy,joy
318,40343,[NAME] I wish that was a more active sub :(,sadness,sadness,sadness,sadness
319,34808,"Happy to not only have the same birthday as him, but to also have a ball he threw into the stands after the middle of the 9th inning. ",joy,joy,joy,joy
320,13768,[NAME] is honestly really badass and he has a great design I hope they give him something good to do in 11,joy,joy,joy,joy
321,43283,I'm sad can someone make me feel better Feel like shit rn just want [NAME] back,sadness,sadness,sadness,sadness
322,40215,Who wrote the IQ tests?,neutral,neutral,neutral,neutral
323,38491,They're probably usually too fixated on how they look to even consider their surroundings,disgust,disgust,anger,disgust
324,28932,Remind me! 6 months,neutral,neutral,neutral,neutral
325,6748,Iâ€™d love that luxury of time.,sadness,joy,sadness,joy
326,13403,Never heard of the artist or the song. But it sounds really great! Thank you for sharing!,joy,joy,joy,joy
327,10852,What a legend.,joy,joy,joy,joy
328,10681,He literally laid in pain on the ground after the fight longer than the loser did,anger,anger,sadness,neutral
329,24907,Someone on live chat of the reveal stream said how he actually got confused why they were show casing a Scarlet skin,surprise,neutral,neutral,neutral
330,43692,"Almost in tears watching him celebrate, true captain â¤ï¸",joy,joy,joy,joy
331,12897,Thank goodness for that!,joy,joy,joy,joy
332,7717,[NAME] will find his form again. Iâ€™m keen to see him link up with [NAME],joy,joy,joy,joy
333,22649,"Wish I had something better for you but best of luck to you, this situation sucks ",sadness,sadness,sadness,sadness
334,27994,Neko Atsume is a really wholesome and cozy game too!,joy,joy,joy,joy
335,43342,"Hope you're not [RELIGION], 'cause that ain't kosher... ",disgust,neutral,disgust,anger
336,14005,Yikes hope hes ok,sadness,surprise,fear,fear
337,11739,Dems can end this. They chose not to.,anger,anger,anger,anger
338,43785,It also makes me cry! but because it shows how far [NAME] has fallen...,sadness,sadness,sadness,sadness
339,12079,Wow. I hope that asst manager will be looking for a new job soon.,anger,surprise,anger,anger
340,32313,The best timeline,neutral,joy,joy,joy
341,29539,Does she not know how cups work?,anger,surprise,anger,anger
342,44899,Each season gets better and better with season 3 or something you should go back and see what happened.,joy,joy,joy,joy
343,44370,Here's a purple heart for you recapping that! OMG matching romantic scoots I'm cryin',joy,joy,joy,joy
344,13421,This sum GTA 5 type shit right here.,anger,disgust,joy,neutral
345,25030,"This is the most scary [NAME] can ever be to me, cause itâ€™s also the most real he could ever be ğŸ˜‚",joy,fear,fear,joy
346,37850,I'm so sorry that your partner doesn't understand that you no longer want to put hormones in your body.,sadness,sadness,sadness,sadness
347,22525,Her absence is probably the greatest present she can give you. Enjoy it while you can.,sadness,anger,disgust,anger
348,47552,Hi I'm a Thrashers fan! My family was 33rd to pick tickets in Atlanta in for the '99 inaugural season,joy,joy,neutral,joy
349,8905,"Which sucks, because it's a *bitch* to find replacements for those.",anger,anger,anger,anger
350,3812,when my egg cracked I went through like every teen girl phase in the space of 2 months lol,joy,joy,joy,joy
351,29631,She looks like a televangelist.,disgust,disgust,disgust,disgust
352,46368,This jokes a name changer,anger,neutral,neutral,neutral
353,16685,Aaaaaand he will be feeling that in the morning,neutral,anger,disgust,joy
354,3459,If I havenâ€™t told you lately...I love you and you are my hero. â¤ï¸â¤ï¸â¤ï¸,joy,joy,joy,joy
355,33269,This comment has been removed for breaking rule #8.,neutral,neutral,neutral,neutral
356,29125,0% But then again most of us on here aren't placing top 8 at majors so that could factor in,anger,neutral,neutral,neutral
357,4495,Just rephrased it into two sentences for you. It's a great story!,joy,joy,joy,joy
358,22670,I agree 100%,joy,joy,joy,joy
359,419,"I'm curious though, will they upvote it to own the ~~libs~~ [NAME]?",joy,surprise,anger,anger
360,27478,No lights are a problem for the people in front of you. Not the offender.,anger,neutral,anger,neutral
361,35751,Do you want to be promoted to Secreatary of State for the US?,joy,neutral,surprise,neutral
362,18032,"np, good luck",neutral,neutral,neutral,neutral
363,8010,"Been there, done that. Still alive and remarkably healthy at 51. The body is tremendously resilient",joy,joy,joy,joy
364,7016,You really going to claim our foreign policy is equivalent to that of Iran and Russia?,anger,surprise,anger,anger
365,36945,this sort of creativity is awesome to see. play calling done right. chargers going to stomp the pats this weekend,joy,joy,joy,joy
366,23969,Ha jokes on you guys we still use paper charts,joy,joy,joy,joy
367,14336,"I find it sadly ironic that a man's job is to protect his family, yet if he's alone with his children they question their safety.",sadness,sadness,sadness,sadness
368,43912,Maybe you just enjoy the process of digging? Does it have to be somebody youâ€™re attracted to or have you tried stalking a random person?,anger,anger,anger,anger
369,36067,"I let my cat lick the leftover milk out of the bowl after I eat cereal, he loves it. ",joy,joy,joy,joy
370,21969,"They can all argue as much as they want, life simply doesn't work that way. lol",joy,neutral,neutral,neutral
371,38144,Lol I do the same. Sometimes it gets stuck in my head for days.,joy,joy,joy,joy
372,29388,I know plenty of [NAME] that look down on ä¸­å›½äºº Like theyâ€™ve forgotten the whole reason Singapore exists,anger,disgust,anger,anger
373,6013,"I know right, im pre everything but sometimes i paint my nails and people will tell me how much they look like a womands hands.",sadness,neutral,neutral,neutral
374,32026,Try to be rational instead of angry.,anger,neutral,anger,anger
375,45514,I donâ€™t care about this mission Texas stuff,neutral,neutral,neutral,neutral
376,11105,Funny how it do,joy,joy,joy,joy
377,8958,I'll miss the podcast,sadness,sadness,sadness,sadness
378,20205,Could you imagine the outrage if Canada rescued one of our citizens from the Saudi courts,anger,anger,anger,anger
379,41654,Youâ€™re an inspiration,joy,joy,joy,joy
380,24844,Idk if I want [NAME] back but I agree with [NAME] ONLY if he keeps playing at this level by the end of he season.,neutral,neutral,neutral,neutral
381,16951,Just doesn't really work if the DM doesn't want it to...,neutral,neutral,neutral,neutral
382,18777,"As much as I love the dodgers, I canâ€™t see them in the World Series 3 times in a row... so yeah, backwards.",sadness,surprise,neutral,neutral
383,37845,"I donâ€™t have a problem with diversity, I just wish it wasnâ€™t so **obvious**",disgust,anger,anger,anger
384,16025,I fat fingered it haha I meant 18,joy,joy,joy,joy
385,45020,Ooh! I quite like the swimming pool of makeup as well.,joy,joy,joy,joy
386,34360,I feel retarded because i laughed,sadness,sadness,sadness,sadness
387,1263,"> You first. Really. I have. I reject both, but I can do it separately because they're not necessarily correlated beliefs.",anger,neutral,anger,neutral
388,16561,It is if you're a loose spool.,neutral,anger,anger,anger
389,2437,Yeah I know u irl you look like ur 36.,disgust,neutral,anger,anger
390,1686,I'M SHERRIFF JOHN BUNNELL,surprise,neutral,joy,neutral
391,7867,Zionism is the ISIS of [RELIGION]. Brainwashed idiots like ISIS.,anger,anger,anger,anger
392,35142,"Sadly, it was not",sadness,sadness,sadness,sadness
393,16031,I love to see the Celtics give up [NAME] and [NAME] only to have [NAME] walk to literally any other team,joy,joy,joy,joy
394,8021,This wasnâ€™t last year. It was last century! Star Wars had just come out!,surprise,neutral,surprise,surprise
395,11894,I did this with tuna salad. I already ate tuna a lot (at the time) and itâ€™s a decently blank slate.,neutral,neutral,neutral,neutral
396,32032,I love how dramatic it is. It's perfectly self aware,joy,joy,joy,joy
397,22189,I am so relieved,joy,joy,joy,joy
398,45855,I sense no awful taste here.,neutral,neutral,neutral,neutral
399,8932,Want to get a hangover there ğŸ‘ğŸ•ºâ¤ï¸,joy,joy,joy,joy
